{
    "list": [
        {
            "name": "Skeleton",
            "hp": 15.0,
            "originPosition": {
                "x": -10.0,
                "y": 0.0,
                "z": 25.0,
                "w": 0.0
            },
            "position": {
                "x": -1.0006378889083863,
                "y": 0.0,
                "z": 16.089616775512697,
                "w": 0.0
            },
            "rotation": {
                "x": 0.0,
                "y": -0.9636189937591553,
                "z": 0.0,
                "w": -0.2672797739505768
            },
            "isActive": true,
            "parent": {
                "instanceID": 0
            }
        },
        {
            "name": "Skeleton",
            "hp": 15.0,
            "originPosition": {
                "x": -20.0,
                "y": 0.0,
                "z": 25.0,
                "w": 0.0
            },
            "position": {
                "x": -1.6277503967285157,
                "y": 4.76837158203125e-7,
                "z": 13.750296592712403,
                "w": 0.0
            },
            "rotation": {
                "x": 1.4316921870261013e-8,
                "y": 0.9178860187530518,
                "z": -3.307872731284078e-8,
                "w": 0.3968440890312195
            },
            "isActive": true,
            "parent": {
                "instanceID": 0
            }
        }
    ]
}