{
    "hp": 25.0,
    "attackPower": 5.0,
    "position": {
        "x": 2.806833028793335,
        "y": 0.0,
        "z": 9.659972190856934,
        "w": 0.0
    },
    "rotation": {
        "x": 0.0,
        "y": -0.9612616896629334,
        "z": 0.0,
        "w": 0.2756374776363373
    }
}