{
    "list": [
        {
            "name": "Skeleton",
            "hp": 15.0,
            "originPosition": {
                "x": -20.0,
                "y": 0.0,
                "z": 25.0,
                "w": 0.0
            },
            "position": {
                "x": -10.603716850280762,
                "y": 0.0,
                "z": 18.4549617767334,
                "w": 0.0
            },
            "rotation": {
                "x": 0.0,
                "y": 0.9257975816726685,
                "z": 0.0,
                "w": 0.37801969051361086
            },
            "isActive": true,
            "parent": {
                "instanceID": 0
            }
        },
        {
            "name": "Skeleton",
            "hp": 20.0,
            "originPosition": {
                "x": -10.0,
                "y": 0.0,
                "z": 25.0,
                "w": 0.0
            },
            "position": {
                "x": -8.302007675170899,
                "y": 0.0,
                "z": 19.854272842407228,
                "w": 0.0
            },
            "rotation": {
                "x": 0.0,
                "y": 0.9920586943626404,
                "z": 0.0,
                "w": 0.12577587366104127
            },
            "isActive": true,
            "parent": {
                "instanceID": 0
            }
        }
    ]
}