{
    "list": [
        {
            "name": "Skeleton",
            "hp": 20.0,
            "position": {
                "x": -6.274986267089844,
                "y": 0.0,
                "z": 14.927228927612305,
                "w": 0.0
            },
            "rotation": {
                "x": 0.0,
                "y": 0.9943365454673767,
                "z": 0.0,
                "w": 0.10627712309360504
            },
            "isActive": true,
            "parent": {
                "instanceID": 0
            }
        },
        {
            "name": "Skeleton",
            "hp": 20.0,
            "position": {
                "x": -15.396219253540039,
                "y": 0.0,
                "z": 18.52400779724121,
                "w": 0.0
            },
            "rotation": {
                "x": 0.0,
                "y": 0.3041081130504608,
                "z": 0.0,
                "w": -0.9526375532150269
            },
            "isActive": true,
            "parent": {
                "instanceID": 0
            }
        }
    ]
}