{
    "hp": 25.0,
    "attackPower": 5.0,
    "position": {
        "x": -7.07830810546875,
        "y": 0.0,
        "z": 15.105866432189942,
        "w": 0.0
    },
    "rotation": {
        "x": 0.0,
        "y": 0.3048647344112396,
        "z": 0.0,
        "w": -0.9523956775665283
    }
}