{
    "hp": 20.0,
    "attackPower": 5.0,
    "position": {
        "x": -3.0528042316436769,
        "y": 0.0,
        "z": 0.025930479168891908,
        "w": 0.0
    },
    "rotation": {
        "x": 0.0,
        "y": 0.3502078652381897,
        "z": 0.0,
        "w": -0.936672031879425
    }
}